k,predict_baseline,observe_baseline,observe_read_repair,observe_anti_entropy,observe_hinted_handoff
1,0.333333,0.902579,0.894569,0.895415,0.885577
2,0.555556,0.999398,0.999575,0.999511,0.999677
3,0.703704,0.999726,0.999894,0.999783,0.999892
4,0.802469,0.999726,0.999894,0.999783,0.999892
