k,observe_baseline,observe_read_repair,observe_anti_entropy,observe_hinted_handoff
1,0.902530,0.894521,0.895415,0.885577
2,0.999343,0.999522,0.999511,0.999677
3,0.999671,0.999841,0.999783,0.999892
4,0.999671,0.999841,0.999783,0.999892
