k,predict,observe
1,0.333333,0.927536
2,0.555556,0.978261
3,0.703704,0.985507
4,0.802469,1.000000
5,0.868313,1.000000
