k,predict,observe
1,0.333333,0.935593
2,0.555556,0.962712
3,0.703704,0.979661
4,0.802469,0.986441
5,0.868313,1.000000
