k,predict,observe
1,0.333333,0.766382
2,0.555556,0.868946
3,0.703704,0.945869
4,0.802469,0.974359
5,0.868313,0.982906
