k,observe_baseline,observe_read_repair,observe_anti_entropy,observe_hinted_handoff
1,0.824871,0.977067,0.978618,0.981048
2,0.824871,0.977067,0.978618,0.981143
3,0.824871,0.977067,0.978618,0.981143
4,0.824871,0.977067,0.978618,0.981143
