k,observe_baseline,observe_read_repair,observe_anti_entropy,observe_hinted_handoff
1,0.980741,0.977234,0.982998,0.933771
2,0.980741,0.977234,0.982998,0.933771
3,0.980741,0.977234,0.982998,0.933771
4,0.980741,0.977234,0.982998,0.933771
