k,predict_baseline,observe_baseline,observe_read_repair,observe_anti_entropy,observe_hinted_handoff
1,0.333333,0.895573,0.896950,0.894087,0.888113
2,0.555556,0.999452,0.999463,0.999565,0.999609
3,0.703704,0.999945,0.999732,0.999837,0.999721
4,0.802469,0.999945,0.999732,0.999837,0.999721
