k,observe_baseline,observe_read_repair,observe_anti_entropy,observe_hinted_handoff
1,0.895426,0.896854,0.894038,0.888063
2,0.999288,0.999356,0.999510,0.999553
3,0.999781,0.999624,0.999782,0.999665
4,0.999781,0.999624,0.999782,0.999665
