k,observe_baseline,observe_read_repair,observe_anti_entropy,observe_hinted_handoff
1,1.000000,0.999476,1.000000,0.998988
2,1.000000,0.999476,1.000000,0.998988
3,1.000000,0.999476,1.000000,0.998988
4,1.000000,0.999476,1.000000,0.998988
