k,predict_baseline,observe_baseline,observe_read_repair,observe_anti_entropy
1,0.333333,0.929745,0.932265,0.932563
2,0.555556,1.000000,1.000000,1.000000
3,0.703704,1.000000,1.000000,1.000000
4,0.802469,1.000000,1.000000,1.000000
