k,observe_baseline,observe_read_repair,observe_anti_entropy
1,0.929745,0.932265,0.932514
2,1.000000,1.000000,0.999948
3,1.000000,1.000000,0.999948
4,1.000000,1.000000,0.999948
