k,predict_baseline,observe_baseline,observe_read_repair,observe_anti_entropy,observe_hinted_handoff
1,0.333333,0.893878,0.912287,0.906713,0.892744
2,0.555556,0.998980,0.998976,0.999312,0.999299
3,0.703704,0.998980,0.999317,0.999312,0.999649
4,0.802469,0.998980,0.999317,0.999312,0.999649
