k,observe_baseline,observe_read_repair,observe_anti_entropy,observe_hinted_handoff
1,0.893574,0.911975,0.906089,0.892432
2,0.998640,0.998635,0.998624,0.998949
3,0.998640,0.998976,0.998624,0.999299
4,0.998640,0.998976,0.998624,0.999299
