k,observe_baseline,observe_read_repair,observe_anti_entropy,observe_hinted_handoff
1,0.008772,0.008658,0.009508,0.927225
2,0.008772,0.008658,0.009508,0.927225
3,0.008772,0.008658,0.009508,0.927225
4,0.008772,0.008658,0.009508,0.927225
