k,predict_baseline,observe_baseline,observe_read_repair,observe_anti_entropy,observe_hinted_handoff
1,0.333333,0.814585,0.990591,0.829436,0.918025
2,0.555556,0.964850,0.999839,0.969853,0.984235
3,0.703704,0.995473,1.000000,0.995956,0.998621
4,0.802469,0.999437,1.000000,0.999560,0.999939
5,0.868313,1.000000,1.000000,0.999944,1.000000
6,0.912209,1.000000,1.000000,1.000000,1.000000
