k,predict_baseline,observe_baseline,observe_read_repair,observe_anti_entropy,observe_hinted_handoff
1,0.333333,0.778211,0.976384,0.783466,0.775753
2,0.555556,0.969469,0.999571,0.970169,0.969178
3,0.703704,0.997242,1.000000,0.997767,0.997873
4,0.802469,0.999915,1.000000,0.999861,0.999723
5,0.868313,1.000000,1.000000,1.000000,0.999898
6,0.912209,1.000000,1.000000,1.000000,0.999898
