k,predict_baseline,observe_baseline,observe_read_repair,observe_anti_entropy,observe_hinted_handoff
1,0.666667,0.990168,0.991077,0.990220,0.993998
2,0.888889,0.999903,1.000000,1.000000,1.000000
3,0.962963,1.000000,1.000000,1.000000,1.000000
4,0.987654,1.000000,1.000000,1.000000,1.000000
