k,observe_baseline,observe_read_repair,observe_anti_entropy,observe_hinted_handoff
1,0.965818,0.965851,0.966006,0.886820
2,0.975313,0.974547,0.975546,0.892175
3,0.975408,0.974547,0.975546,0.892175
4,0.975408,0.974547,0.975546,0.892175
