k,observe_baseline,observe_read_repair,observe_anti_entropy
1,1.000000,1.000073,1.000000
2,1.000000,1.000073,1.000000
3,1.000000,1.000073,1.000000
4,1.000000,1.000073,1.000000
