k,observe_baseline,observe_read_repair,observe_anti_entropy,observe_hinted_handoff
1,0.781644,0.777663,0.779243,0.774801
2,0.781644,0.777663,0.779243,0.774801
3,0.781644,0.777663,0.779243,0.774801
4,0.781644,0.777663,0.779243,0.774801
