k,observe_baseline,observe_read_repair,observe_anti_entropy
1,0.935176,0.936641,0.935870
2,0.997978,0.997959,0.997549
3,0.999975,0.999974,0.999898
4,1.000000,0.999987,0.999936
