k,observe_baseline,observe_read_repair,observe_anti_entropy,observe_hinted_handoff
1,0.633316,0.615690,0.612758,0.626249
2,0.633316,0.615690,0.612758,0.626249
3,0.633316,0.615690,0.612758,0.626249
4,0.633316,0.615690,0.612758,0.626249
