k,predict_baseline,observe_baseline,observe_read_repair,observe_anti_entropy,observe_hinted_handoff
1,0.333333,0.914464,0.922563,0.911187,0.913550
2,0.555556,0.997607,0.999179,0.997085,0.997287
3,0.703704,0.999777,0.999726,0.999568,0.999787
4,0.802469,0.999777,0.999726,0.999568,0.999894
