k,predict_baseline,observe_baseline,observe_read_repair,observe_anti_entropy,observe_hinted_handoff
1,0.333333,0.912848,0.918900,0.912572,0.910128
2,0.555556,0.996616,0.999072,0.997942,0.995852
3,0.703704,0.999556,0.999727,0.999837,0.999251
4,0.802469,0.999667,0.999727,0.999837,0.999482
