k,observe_baseline,observe_read_repair,observe_anti_entropy,observe_hinted_handoff
1,0.913599,0.921806,0.910351,0.913501
2,0.996664,0.998358,0.996170,0.997234
3,0.998832,0.998906,0.998651,0.999734
4,0.998832,0.998906,0.998651,0.999840
