k,observe_baseline,observe_read_repair,observe_anti_entropy,observe_hinted_handoff
1,0.912291,0.917948,0.911585,0.907931
2,0.996008,0.998037,0.996862,0.993448
3,0.998947,0.998692,0.998755,0.996839
4,0.999057,0.998692,0.998755,0.997069
