k,predict_baseline,observe_baseline,observe_read_repair,observe_anti_entropy,observe_hinted_handoff
1,0.333333,0.776712,0.974055,0.799279,0.812696
2,0.555556,0.969035,0.999413,0.975302,0.976972
3,0.703704,0.997950,1.000000,0.998336,0.998947
4,0.802469,0.999972,1.000000,0.999957,0.999954
5,0.868313,1.000000,1.000000,1.000000,0.999969
6,0.912209,1.000000,1.000000,1.000000,0.999969
