k,predict_baseline,observe_baseline,observe_read_repair,observe_anti_entropy,observe_hinted_handoff
1,0.333333,0.943659,0.959599,0.967878,0.965507
2,0.555556,0.983027,0.988661,0.993069,0.990047
3,0.703704,0.995015,0.997154,0.997960,0.996042
4,0.802469,0.998844,0.999200,0.999252,0.997703
5,0.868313,0.999742,0.999862,0.999595,0.998650
6,0.912209,0.999958,0.999962,0.999696,0.998975
