k,predict_baseline,observe_baseline,observe_read_repair,observe_anti_entropy
1,0.333333,0.914732,0.928740,0.917991
2,0.555556,0.995802,0.997288,0.995654
3,0.703704,0.999909,0.999935,0.999788
4,0.802469,1.000000,0.999987,0.999987
5,0.868313,1.000000,1.000000,0.999987
6,0.912209,1.000000,1.000000,1.000000
