k,predict_baseline,observe_baseline,observe_read_repair,observe_anti_entropy,observe_hinted_handoff
1,0.333333,0.977949,0.996871,0.974698,0.952967
2,0.555556,1.000000,1.000000,0.999559,0.996237
3,0.703704,1.000000,1.000000,1.000000,0.997685
4,0.802469,1.000000,1.000000,1.000000,0.999566
5,0.868313,1.000000,1.000000,1.000000,1.000000
6,0.912209,1.000000,1.000000,1.000000,1.000000
