k,observe_baseline,observe_read_repair,observe_anti_entropy,observe_hinted_handoff
1,0.010066,0.007215,0.006989,0.859226
2,0.010066,0.007215,0.006989,0.859226
3,0.010066,0.007215,0.006989,0.859226
4,0.010066,0.007215,0.006989,0.859226
