k,observe_baseline,observe_read_repair,observe_anti_entropy
1,0.938725,0.931804,0.933637
2,1.000000,0.999947,1.000000
3,1.000000,0.999947,1.000000
4,1.000000,0.999947,1.000000
