k,observe_baseline,observe_read_repair,observe_anti_entropy
1,0.968105,0.994522,0.994237
2,0.968105,0.994522,0.994237
3,0.968105,0.994522,0.994237
4,0.968105,0.994522,0.994237
