k,observe_baseline,observe_read_repair,observe_anti_entropy,observe_hinted_handoff
1,0.992160,0.991001,0.990639,0.994476
2,0.999916,0.999917,0.999917,0.999877
3,0.999916,0.999917,0.999917,0.999877
4,0.999916,0.999917,0.999917,0.999877
