k,predict_baseline,observe_baseline,observe_read_repair,observe_anti_entropy,observe_hinted_handoff
1,0.333333,0.815495,0.982421,0.809198,0.839826
2,0.555556,0.969450,0.999696,0.969094,0.966851
3,0.703704,0.996384,1.000000,0.996164,0.996802
4,0.802469,0.999638,1.000000,0.999781,0.999734
5,0.868313,0.999897,1.000000,1.000000,1.000000
6,0.912209,1.000000,1.000000,1.000000,1.000000
