k,predict_baseline,observe_baseline,observe_read_repair,observe_anti_entropy,observe_hinted_handoff
1,0.666667,0.991751,0.990065,0.990983,0.989413
2,0.888889,1.000000,1.000000,1.000000,1.000000
3,0.962963,1.000000,1.000000,1.000000,1.000000
4,0.987654,1.000000,1.000000,1.000000,1.000000
