k,predict_baseline,observe_baseline,observe_read_repair,observe_anti_entropy,observe_hinted_handoff
1,0.666667,0.990267,0.992284,0.991736,0.990094
2,0.888889,1.000000,1.000000,1.000000,1.000000
3,0.962963,1.000000,1.000000,1.000000,1.000000
4,0.987654,1.000000,1.000000,1.000000,1.000000
