k,observe_baseline,observe_read_repair,observe_anti_entropy,observe_hinted_handoff
1,0.967386,0.963285,0.966117,0.959489
2,0.975432,0.972951,0.974908,0.969756
3,0.975432,0.972951,0.974908,0.969756
4,0.975432,0.972951,0.974908,0.969756
