k,observe_baseline,observe_read_repair,observe_anti_entropy,observe_hinted_handoff
1,0.964430,0.966103,0.965843,0.973585
2,0.973909,0.973616,0.973891,0.983326
3,0.973909,0.973616,0.973891,0.983326
4,0.973909,0.973616,0.973891,0.983326
