k,observe_baseline,observe_read_repair,observe_anti_entropy,observe_hinted_handoff
1,1.000000,0.999979,0.999938,0.984796
2,1.000000,0.999979,0.999938,0.984939
3,1.000000,0.999979,0.999938,0.984939
4,1.000000,0.999979,0.999938,0.984939
