k,predict_baseline,observe_baseline,observe_read_repair,observe_anti_entropy,observe_hinted_handoff
1,0.666667,0.975203,0.998010,0.971896,0.986667
2,0.888889,0.998670,0.999965,0.998601,0.999187
3,0.962963,0.999964,1.000000,0.999976,1.000000
4,0.987654,1.000000,1.000000,1.000000,1.000000
5,0.995885,1.000000,1.000000,1.000000,1.000000
6,0.998628,1.000000,1.000000,1.000000,1.000000
