k,predict_baseline,observe_baseline,observe_read_repair,observe_anti_entropy,observe_hinted_handoff
1,0.333333,0.897769,0.892962,0.900712,0.882895
2,0.555556,0.995005,0.998363,0.998983,0.997697
3,0.703704,0.995338,0.999018,0.999322,0.998684
4,0.802469,0.995338,0.999018,0.999322,0.998684
