k,observe_baseline,observe_read_repair,observe_anti_entropy,observe_hinted_handoff
1,0.897769,0.892378,0.900102,0.882314
2,0.995005,0.997710,0.998307,0.997041
3,0.995338,0.998364,0.998645,0.998028
4,0.995338,0.998364,0.998645,0.998028
