k,predict_baseline,observe_baseline,observe_read_repair,observe_anti_entropy,observe_hinted_handoff
1,0.333333,0.932729,0.934317,0.932450,0.932504
2,0.555556,0.999631,0.999686,0.999629,0.998098
3,0.703704,0.999631,0.999686,0.999629,0.998913
4,0.802469,0.999631,0.999686,0.999629,0.999402
