k,predict_baseline,observe_baseline,observe_read_repair,observe_anti_entropy,observe_hinted_handoff
1,0.333333,0.932014,0.931250,0.931689,0.931553
2,0.555556,0.999634,1.000000,0.999844,0.999079
3,0.703704,0.999634,1.000000,0.999844,0.999642
4,0.802469,0.999634,1.000000,0.999844,0.999795
