k,observe_baseline,observe_read_repair,observe_anti_entropy,observe_hinted_handoff
1,0.932680,0.934268,0.932450,0.931340
2,0.999578,0.999634,0.999629,0.996852
3,0.999578,0.999634,0.999629,0.997666
4,0.999578,0.999634,0.999629,0.998155
