k,observe_baseline,observe_read_repair,observe_anti_entropy,observe_hinted_handoff
1,0.932014,0.931202,0.931689,0.931505
2,0.999634,0.999948,0.999844,0.999028
3,0.999634,0.999948,0.999844,0.999591
4,0.999634,0.999948,0.999844,0.999744
