k,predict_baseline,observe_baseline,observe_read_repair,observe_anti_entropy,observe_hinted_handoff
1,0.333333,0.932724,0.987847,0.954306,0.929740
2,0.555556,0.996230,0.999724,0.996747,0.986978
3,0.703704,1.000000,1.000000,1.000000,0.994397
4,0.802469,1.000000,1.000000,1.000000,0.995306
5,0.868313,1.000000,1.000000,1.000000,0.996366
6,0.912209,1.000000,1.000000,1.000000,0.998183
