k,predict_baseline,observe_baseline,observe_read_repair,observe_anti_entropy,observe_hinted_handoff
1,0.333333,0.968179,0.988659,0.976196,0.958824
2,0.555556,0.991161,0.998380,0.992277,0.986248
3,0.703704,0.998085,0.999614,0.998836,0.993440
4,0.802469,0.999558,0.999923,0.999471,0.996444
5,0.868313,1.000000,1.000000,0.999894,0.996918
6,0.912209,1.000000,1.000000,1.000000,0.997471
