k,predict_baseline,observe_baseline,observe_read_repair,observe_anti_entropy,observe_hinted_handoff
1,0.333333,0.760557,0.933220,0.795352,0.797814
2,0.555556,0.971986,0.997442,0.975352,0.973121
3,0.703704,0.999443,1.000000,0.998451,0.992468
4,0.802469,1.000000,1.000000,1.000000,0.996455
5,0.868313,1.000000,1.000000,1.000000,0.996455
6,0.912209,1.000000,1.000000,1.000000,0.996455
