k,predict_baseline,observe_baseline,observe_read_repair,observe_anti_entropy,observe_hinted_handoff
1,0.333333,0.913087,0.958394,0.894413,0.922106
2,0.555556,0.998994,0.999567,0.995423,0.995015
3,0.703704,1.000000,1.000000,0.999684,0.995794
4,0.802469,1.000000,1.000000,1.000000,0.996417
5,0.868313,1.000000,1.000000,1.000000,0.996884
6,0.912209,1.000000,1.000000,1.000000,0.996884
