k,predict_baseline,observe_baseline,observe_read_repair,observe_anti_entropy,observe_hinted_handoff
1,0.333333,0.777610,0.959916,0.804939,0.788820
2,0.555556,0.969724,0.999438,0.974678,0.971975
3,0.703704,0.998175,1.000000,0.998503,0.998095
4,0.802469,1.000000,1.000000,1.000000,0.999736
5,0.868313,1.000000,1.000000,1.000000,0.999765
6,0.912209,1.000000,1.000000,1.000000,0.999765
