k,predict_baseline,observe_baseline,observe_read_repair,observe_anti_entropy
1,0.333333,0.999612,0.999836,0.999918
2,0.555556,1.000000,1.000000,1.000000
3,0.703704,1.000000,1.000000,1.000000
4,0.802469,1.000000,1.000000,1.000000
5,0.868313,1.000000,1.000000,1.000000
6,0.912209,1.000000,1.000000,1.000000
