k,observe_baseline,observe_read_repair,observe_anti_entropy,observe_hinted_handoff
1,0.681836,0.670062,0.675933,0.668519
2,0.682218,0.670062,0.675933,0.668519
3,0.682218,0.670062,0.675933,0.668519
4,0.682218,0.670062,0.675933,0.668519
