k,predict_baseline,observe_baseline,observe_read_repair,observe_anti_entropy,observe_hinted_handoff
1,0.333333,0.900693,0.891472,0.880542,0.877703
2,0.555556,0.999605,0.999240,0.981554,0.999505
3,0.703704,0.999887,0.999783,0.982165,0.999835
4,0.802469,0.999887,0.999783,0.982165,0.999835
