k,observe_baseline,observe_read_repair,observe_anti_entropy,observe_hinted_handoff
1,0.900592,0.891375,0.880493,0.877606
2,0.999493,0.999131,0.981499,0.999395
3,0.999775,0.999674,0.982110,0.999725
4,0.999775,0.999674,0.982110,0.999725
