k,predict_baseline,observe_baseline,observe_read_repair,observe_anti_entropy,observe_hinted_handoff
1,0.333333,0.903005,0.985272,0.809073,0.902951
2,0.555556,0.989010,0.999643,0.967355,0.992670
3,0.703704,0.999738,1.000000,0.995559,0.999875
4,0.802469,1.000000,1.000000,0.999688,1.000000
5,0.868313,1.000000,1.000000,1.000000,1.000000
6,0.912209,1.000000,1.000000,1.000000,1.000000
