k,predict_baseline,observe_baseline,observe_read_repair,observe_anti_entropy
1,0.333333,0.913590,0.922890,0.916100
2,0.555556,0.997319,0.999449,0.997043
3,0.703704,0.999944,1.000000,0.999833
4,0.802469,1.000000,1.000000,0.999944
