k,observe_baseline,observe_read_repair,observe_anti_entropy
1,0.913437,0.922738,0.915946
2,0.997152,0.999284,0.996877
3,0.999777,0.999835,0.999665
4,0.999832,0.999835,0.999777
