k,predict_baseline,observe_baseline,observe_read_repair,observe_anti_entropy,observe_hinted_handoff
1,0.333333,0.888612,0.893072,0.892823,0.885695
2,0.555556,0.991197,0.999562,0.999610,0.999828
3,0.703704,0.991253,0.999781,0.999888,1.000000
4,0.802469,0.991253,0.999781,0.999888,1.000000
