k,observe_baseline,observe_read_repair,observe_anti_entropy,observe_hinted_handoff
1,0.888465,0.893024,0.892774,0.885593
2,0.991033,0.999507,0.999554,0.999713
3,0.991088,0.999726,0.999833,0.999885
4,0.991088,0.999726,0.999833,0.999885
