k,observe_baseline,observe_read_repair,observe_anti_entropy,observe_hinted_handoff
1,0.004794,0.005194,0.006153,0.804702
2,0.004794,0.005194,0.006153,0.804702
3,0.004794,0.005194,0.006153,0.804702
4,0.004794,0.005194,0.006153,0.804702
