k,observe_baseline,observe_read_repair,observe_anti_entropy,observe_hinted_handoff
1,0.999347,0.998124,0.999189,0.999336
2,0.999347,0.998124,0.999189,0.999336
3,0.999347,0.998124,0.999189,0.999336
4,0.999347,0.998124,0.999189,0.999336
