k,observe_baseline,observe_read_repair,observe_anti_entropy,observe_hinted_handoff
1,0.999795,0.999896,1.000000,1.000000
2,0.999795,0.999896,1.000000,1.000000
3,0.999795,0.999896,1.000000,1.000000
4,0.999795,0.999896,1.000000,1.000000
