k,observe_baseline,observe_read_repair,observe_anti_entropy
1,0.994126,0.993694,0.995040
2,0.994126,0.993694,0.995040
3,0.994126,0.993694,0.995040
4,0.994126,0.993694,0.995040
