k,predict_baseline,observe_baseline,observe_read_repair,observe_anti_entropy,observe_hinted_handoff
1,1.000000,1.000000,1.000000,1.000000,0.999913
2,1.000000,1.000000,1.000000,1.000000,0.999978
3,1.000000,1.000000,1.000000,1.000000,0.999978
4,1.000000,1.000000,1.000000,1.000000,0.999978
