k,observe_baseline,observe_read_repair,observe_anti_entropy,observe_hinted_handoff
1,0.999980,1.000000,0.999958,0.978206
2,0.999980,1.000000,0.999958,0.978269
3,0.999980,1.000000,0.999958,0.978269
4,0.999980,1.000000,0.999958,0.978269
