k,observe_baseline,observe_read_repair,observe_anti_entropy,observe_hinted_handoff
1,0.999753,0.999502,0.999741,0.938121
2,0.999753,0.999502,0.999741,0.938405
3,0.999753,0.999502,0.999741,0.938405
4,0.999753,0.999502,0.999741,0.938405
