k,predict_baseline,observe_baseline,observe_read_repair,observe_anti_entropy,observe_hinted_handoff
1,0.333333,0.901531,0.912334,0.905720,0.897328
2,0.555556,0.998956,0.998301,0.998941,0.998594
3,0.703704,0.999304,0.998981,0.999294,0.998945
4,0.802469,0.999304,0.998981,0.999294,0.998945
