k,observe_baseline,observe_read_repair,observe_anti_entropy,observe_hinted_handoff
1,0.901217,0.912024,0.905081,0.896697
2,0.998609,0.997962,0.998236,0.997892
3,0.998957,0.998641,0.998589,0.998243
4,0.998957,0.998641,0.998589,0.998243
