k,observe_baseline,observe_read_repair,observe_anti_entropy,observe_hinted_handoff
1,0.738354,0.796972,0.776047,0.721040
2,0.738354,0.796972,0.776047,0.721040
3,0.738354,0.796972,0.776047,0.721040
4,0.738354,0.796972,0.776047,0.721040
