k,predict_baseline,observe_baseline,observe_read_repair,observe_anti_entropy,observe_hinted_handoff
1,0.333333,0.805374,0.987945,0.807577,0.824255
2,0.555556,0.966900,0.999847,0.972387,0.966364
3,0.703704,0.997107,1.000000,0.998967,0.996334
4,0.802469,1.000000,1.000000,0.999837,0.999709
5,0.868313,1.000000,1.000000,1.000000,1.000000
6,0.912209,1.000000,1.000000,1.000000,1.000000
