k,observe_baseline,observe_read_repair,observe_anti_entropy
1,0.909423,0.920702,0.612938
2,0.996607,0.999273,0.658595
3,0.999530,0.999896,0.659775
4,0.999739,0.999896,0.659827
