k,observe_baseline,observe_read_repair,observe_anti_entropy,observe_hinted_handoff
1,0.002604,0.002788,0.002712,0.804241
2,0.002604,0.002788,0.002712,0.804241
3,0.002604,0.002788,0.002712,0.804241
4,0.002604,0.002788,0.002712,0.804241
