k,predict_baseline,observe_baseline,observe_read_repair,observe_anti_entropy
1,0.333333,0.919711,0.926882,0.912680
2,0.555556,0.995875,0.997158,0.995334
3,0.703704,0.999802,0.999934,0.999802
4,0.802469,0.999986,1.000000,1.000000
5,0.868313,0.999986,1.000000,1.000000
6,0.912209,1.000000,1.000000,1.000000
