k,predict_baseline,observe_baseline,observe_read_repair,observe_anti_entropy,observe_hinted_handoff
1,0.333333,0.781666,0.994497,0.785443,0.803182
2,0.555556,0.950280,0.999914,0.958329,0.955092
3,0.703704,0.991794,1.000000,0.995000,0.992504
4,0.802469,0.999324,1.000000,1.000000,0.998939
5,0.868313,0.999710,1.000000,1.000000,0.999859
6,0.912209,1.000000,1.000000,1.000000,1.000000
7,0.941472,1.000000,1.000000,1.000000,1.000000
8,0.960982,1.000000,1.000000,1.000000,1.000000
