k,predict_baseline,observe_baseline,observe_read_repair,observe_anti_entropy,observe_hinted_handoff
1,0.333333,0.795780,0.996581,0.838483,0.844117
2,0.555556,0.961442,0.999981,0.969313,0.973443
3,0.703704,0.996393,1.000000,0.997002,0.996749
4,0.802469,0.999617,1.000000,0.999765,0.999843
5,0.868313,0.999965,1.000000,1.000000,1.000000
6,0.912209,1.000000,1.000000,1.000000,1.000000
