k,predict_baseline,observe_baseline,observe_read_repair,observe_anti_entropy,observe_hinted_handoff
1,0.333333,0.784711,0.988220,0.775709,0.852927
2,0.555556,0.960085,0.999738,0.955113,0.976627
3,0.703704,0.994656,1.000000,0.994575,0.997842
4,0.802469,0.998977,1.000000,0.999548,0.999846
5,0.868313,0.999894,1.000000,1.000000,0.999974
6,0.912209,1.000000,1.000000,1.000000,1.000000
