k,predict_baseline,observe_baseline,observe_read_repair,observe_anti_entropy,observe_hinted_handoff
1,0.333333,0.979529,0.962340,0.976309,0.947471
2,0.555556,0.997044,0.994774,0.996616,0.990711
3,0.703704,0.998796,0.998410,0.999345,0.997175
4,0.802469,0.999288,0.999375,0.999836,0.999131
5,0.868313,0.999398,0.999546,1.000000,0.999783
