k,predict_baseline,observe_baseline,observe_read_repair,observe_anti_entropy,observe_hinted_handoff
1,0.666667,0.990634,0.992485,0.991173,0.989615
2,0.888889,1.000000,1.000000,1.000000,1.000000
3,0.962963,1.000000,1.000000,1.000000,1.000000
4,0.987654,1.000000,1.000000,1.000000,1.000000
