k,predict_baseline,observe_baseline,observe_read_repair,observe_anti_entropy,observe_hinted_handoff
1,0.666667,0.990172,0.992868,0.991019,0.990542
2,0.888889,1.000000,1.000000,1.000000,1.000000
3,0.962963,1.000000,1.000000,1.000000,1.000000
4,0.987654,1.000000,1.000000,1.000000,1.000000
