k,observe_baseline,observe_read_repair,observe_anti_entropy,observe_hinted_handoff
1,0.990554,0.992485,0.991092,0.988363
2,0.999919,1.000000,0.999919,0.998735
3,0.999919,1.000000,0.999919,0.998735
4,0.999919,1.000000,0.999919,0.998735
