k,observe_baseline,observe_read_repair,observe_anti_entropy,observe_hinted_handoff
1,0.990172,0.992780,0.991019,0.990542
2,1.000000,0.999912,1.000000,1.000000
3,1.000000,0.999912,1.000000,1.000000
4,1.000000,0.999912,1.000000,1.000000
