k,observe_baseline_e2e,observe_read_repair_e2e,observe_anti_entropy_e2e
1,0.998772,0.999551,0.999121
2,1.000000,1.000000,1.000000
3,1.000000,1.000000,1.000000
4,1.000000,1.000000,1.000000
