k,predict_baseline,observe_baseline,observe_read_repair,observe_anti_entropy,observe_hinted_handoff
1,0.333333,0.898865,0.897313,0.896527,0.883721
2,0.555556,0.999614,0.999893,0.999674,0.999457
3,0.703704,0.999780,0.999946,0.999783,0.999891
4,0.802469,0.999780,0.999946,0.999783,0.999891
