k,observe_baseline,observe_read_repair,observe_anti_entropy,observe_hinted_handoff
1,0.898816,0.897265,0.896527,0.883529
2,0.999559,0.999839,0.999674,0.999239
3,0.999725,0.999893,0.999783,0.999674
4,0.999725,0.999893,0.999783,0.999674
