k,observe_baseline,observe_read_repair,observe_anti_entropy,observe_hinted_handoff
1,0.999973,0.999919,0.999885,0.982627
2,0.999973,0.999919,0.999885,0.982752
3,0.999973,0.999919,0.999885,0.982752
4,0.999973,0.999919,0.999885,0.982752
